frame,track_id,team,b,g,r
1,1,0,182,179,176
1,2,0,180,179,172
1,3,1,83,88,150
1,4,1,43,174,155
1,5,0,174,158,159
1,6,0,161,183,172
1,7,1,73,104,142
1,8,0,192,193,187
1,9,1,77,98,144
1,10,1,69,101,138
1,11,1,70,70,131
1,12,1,83,83,120
1,13,0,161,154,179
1,14,0,202,196,191
1,15,0,203,194,197
1,16,1,107,94,139
1,17,0,137,124,151
1,18,1,86,77,132
1,19,1,127,122,133
6,1,0,193,186,183
6,2,0,183,180,173
6,3,1,77,82,147
6,4,1,45,173,154
6,5,0,175,160,161
6,6,0,168,187,179
6,7,1,71,108,139
6,8,0,196,197,190
6,9,1,79,99,145
6,10,1,70,101,138
6,11,1,72,71,132
6,12,1,74,75,113
6,13,1,123,114,164
6,14,0,207,200,196
6,15,0,194,186,189
6,16,1,95,84,138
6,17,1,111,96,146
6,18,1,80,71,127
6,19,1,124,121,132
11,1,0,192,185,183
11,2,0,187,184,177
11,3,1,79,86,147
11,4,1,45,172,154
11,5,0,178,163,164
11,6,0,169,187,181
11,7,1,71,99,142
11,8,0,187,192,185
11,9,1,79,98,147
11,10,1,70,99,137
11,11,1,73,73,138
11,12,1,82,82,128
11,13,1,89,85,146
11,14,0,206,199,196
11,15,0,154,140,173
11,16,1,70,61,137
11,17,1,64,49,131
11,18,1,74,65,119
11,19,0,130,131,152
16,1,0,195,186,183
16,2,0,192,188,182
16,3,1,81,82,148
16,4,1,43,173,157
16,5,0,183,166,168
16,6,0,177,192,185
16,7,1,70,94,141
16,8,0,178,187,181
16,9,1,83,102,149
16,10,1,67,89,136
16,11,1,79,80,141
16,12,1,86,84,132
16,13,1,90,90,147
16,14,0,199,194,190
16,15,0,150,136,175
16,16,1,73,70,145
16,17,1,67,58,137
16,18,1,70,64,123
16,19,0,131,133,149
21,1,0,187,181,178
21,2,0,195,190,184
21,3,1,86,90,152
21,4,1,41,176,160
21,5,0,183,168,169
21,6,0,192,198,193
21,7,1,72,95,142
21,8,0,185,188,181
21,9,1,82,96,150
21,10,1,69,80,141
21,11,1,81,83,134
21,12,1,101,96,142
21,13,1,81,88,139
21,14,0,204,197,193
21,15,0,185,175,187
21,16,1,54,48,135
21,17,1,87,74,132
21,18,1,75,67,123
21,19,0,136,137,154
26,1,0,187,182,179
26,2,0,195,190,185
26,3,1,88,89,157
26,4,1,41,178,161
26,5,0,185,169,170
26,6,0,192,200,194
26,7,1,74,99,143
26,8,0,188,192,183
26,9,1,75,89,146
26,10,1,66,79,137
26,11,1,81,82,131
26,12,1,93,90,133
26,13,1,107,105,151
26,14,0,208,203,199
26,15,0,188,182,180
26,16,1,59,50,135
26,17,1,103,89,147
26,18,1,77,67,119
26,19,0,131,131,146
31,1,0,189,185,181
31,2,0,193,189,183
31,3,1,86,91,155
31,4,1,39,176,158
31,5,0,184,168,169
31,6,0,179,197,190
31,7,1,73,98,142
31,8,0,179,186,178
31,9,1,75,92,144
31,10,1,69,83,142
31,11,1,79,81,140
31,12,1,89,87,122
31,13,0,162,152,182
31,14,0,205,202,199
31,15,0,171,163,175
31,16,1,77,64,142
31,17,1,113,97,153
31,18,1,68,57,110
31,19,0,130,132,144
36,1,0,188,183,180
36,2,0,191,187,181
36,3,1,85,91,152
36,4,1,37,175,159
36,5,0,182,166,167
36,6,0,193,199,197
36,7,1,81,107,144
36,8,0,175,187,180
36,9,1,80,99,146
36,10,1,68,78,145
36,11,1,79,81,137
36,12,1,93,91,127
36,13,0,194,186,192
36,14,0,198,195,192
36,15,0,129,119,152
36,16,1,83,69,136
36,17,0,145,132,151
36,18,1,68,58,112
36,19,0,135,135,149
41,1,0,187,181,178
41,2,0,191,187,181
41,3,1,85,88,155
41,4,1,34,178,162
41,5,0,186,169,171
41,6,0,187,202,194
41,7,1,88,96,153
41,8,0,164,180,171
41,9,1,77,99,142
41,10,1,68,74,144
41,11,1,80,79,141
41,12,1,117,112,148
41,13,0,191,184,189
41,14,0,190,186,181
41,15,1,101,87,130
41,16,1,110,93,140
41,17,0,172,166,161
41,18,1,101,88,137
41,19,0,138,139,151
46,1,0,195,185,183
46,2,0,194,189,183
46,3,1,89,90,159
46,4,1,35,180,165
46,5,0,183,167,167
46,6,0,184,200,194
46,7,1,85,86,161
46,8,0,170,182,174
46,9,1,77,97,143
46,10,1,66,84,137
46,11,1,81,81,141
46,12,1,120,114,147
46,13,0,174,166,182
46,14,0,186,176,185
46,15,0,131,119,145
46,16,1,107,95,139
46,17,0,183,175,170
46,18,1,113,101,141
46,19,0,131,132,144
51,1,0,193,189,185
51,2,0,194,190,184
51,3,1,88,89,156
51,4,1,37,177,161
51,5,0,179,161,163
51,6,0,175,192,185
51,7,1,101,101,169
51,8,0,176,189,180
51,9,1,78,97,144
51,10,1,69,98,131
51,11,1,89,92,141
51,12,0,127,120,144
51,13,0,199,190,192
51,14,0,187,178,183
51,15,0,158,150,163
51,16,1,101,85,140
51,17,0,188,179,178
51,18,1,120,108,144
51,19,0,132,132,137
56,1,0,198,191,188
56,2,0,196,191,185
56,3,1,88,91,154
56,4,1,42,176,159
56,5,0,179,161,164
56,6,0,187,192,195
56,7,1,102,101,172
56,8,0,160,183,171
56,9,1,76,91,145
56,10,1,60,94,124
56,11,1,84,84,148
56,12,0,134,126,143
56,13,0,187,182,181
56,14,0,198,192,192
56,15,0,146,140,161
56,16,1,77,64,131
56,17,0,181,177,182
56,18,1,119,110,143
56,19,0,127,130,134
61,1,0,188,184,180
61,2,0,196,191,185
61,3,1,91,93,159
61,4,1,44,175,158
61,5,0,185,170,171
61,6,0,178,190,185
61,7,1,98,100,168
61,8,0,162,180,172
61,9,1,73,89,139
61,10,1,54,79,125
61,11,1,86,85,149
61,12,0,132,130,138
61,13,0,173,168,171
61,14,0,195,188,187
61,15,0,171,157,167
61,16,1,87,74,126
61,17,0,168,167,168
61,18,1,116,106,142
61,19,0,127,128,141
66,1,0,189,185,182
66,2,0,193,190,183
66,3,1,89,95,155
66,4,1,42,174,156
66,5,0,183,169,170
66,6,0,190,191,189
66,7,1,105,108,169
66,8,0,152,175,168
66,9,1,75,91,134
66,10,1,51,74,124
66,11,1,87,87,150
66,12,0,129,128,138
66,13,0,184,174,179
66,14,0,190,179,184
66,15,0,175,161,170
66,16,1,105,103,130
66,17,0,163,166,166
66,18,1,102,91,132
66,19,0,134,136,155
71,1,0,176,180,174
71,2,0,191,189,181
71,3,1,83,89,150
71,4,1,42,173,156
71,5,0,180,166,167
71,6,0,212,207,205
71,7,1,94,103,163
71,8,0,163,178,171
71,9,1,80,95,140
71,10,1,55,74,123
71,11,1,93,94,154
71,12,0,133,127,133
71,13,0,181,173,176
71,14,0,174,167,168
71,15,0,164,152,165
71,16,0,169,163,166
71,17,0,161,165,169
71,18,1,100,86,132
71,19,0,146,145,162
76,1,0,160,172,164
76,2,0,191,187,181
76,3,1,81,85,149
76,4,1,42,174,158
76,5,0,184,167,169
76,6,0,174,187,178
76,7,1,102,108,164
76,8,0,152,169,164
76,9,1,91,105,141
76,10,1,70,83,143
76,11,1,106,103,158
76,12,1,124,126,130
76,13,0,159,155,163
76,14,0,191,184,183
76,15,0,165,152,165
76,16,1,81,72,127
76,17,0,172,173,179
76,18,1,94,82,134
76,19,0,144,142,152
81,1,0,164,175,167
81,2,0,190,186,180
81,3,1,75,79,144
81,4,1,43,169,152
81,5,0,183,167,169
81,6,0,165,179,179
81,7,1,104,109,172
81,8,0,129,159,150
81,9,1,104,107,149
81,10,1,70,82,141
81,11,0,138,128,160
81,12,1,122,122,135
81,13,0,132,125,152
81,14,0,186,182,183
81,15,0,157,145,166
81,16,1,68,58,132
81,17,0,165,167,169
81,18,1,94,83,135
81,19,0,141,140,150
86,1,0,188,182,178
86,2,0,190,186,180
86,3,1,76,78,144
86,4,1,38,170,154
86,5,0,181,165,168
86,6,0,178,186,183
86,7,1,107,105,171
86,8,0,132,157,152
86,9,1,95,104,145
86,10,1,74,75,148
86,11,0,156,147,166
86,12,1,116,109,150
86,13,1,108,98,140
86,14,0,201,193,193
86,15,0,168,151,173
86,16,1,81,78,132
86,17,0,175,173,177
86,18,1,94,82,134
86,19,0,145,143,154
91,1,0,190,185,180
91,2,0,191,187,180
91,3,1,80,85,145
91,4,1,38,172,154
91,5,0,178,164,166
91,6,0,182,185,190
91,7,1,106,104,170
91,8,0,130,156,151
91,9,1,90,98,144
91,10,1,80,81,149
91,11,0,161,152,161
91,12,1,108,96,152
91,13,1,119,108,146
91,14,0,201,194,190
91,15,0,152,139,170
91,16,1,95,96,130
91,17,0,177,175,178
91,18,1,90,75,133
91,19,0,144,146,156
96,1,0,197,189,186
96,2,0,192,188,181
96,3,1,81,86,148
96,4,1,34,171,155
96,5,0,177,162,163
96,6,0,154,157,176
96,7,1,116,110,175
96,8,0,131,156,152
96,9,1,92,98,144
96,10,1,80,88,151
96,11,0,170,164,165
96,12,1,94,86,151
96,13,1,125,114,150
96,14,0,203,196,193
96,15,0,143,129,169
96,16,1,99,95,145
96,17,0,179,177,181
96,18,1,88,72,134
96,19,0,148,148,163
101,1,0,192,186,183
101,2,0,192,188,181
101,3,1,80,88,146
101,4,1,34,173,156
101,5,0,176,161,163
101,6,0,143,146,172
101,7,1,116,110,175
101,8,0,137,158,156
101,9,1,95,99,145
101,10,1,64,84,139
101,11,0,149,149,152
101,12,1,95,93,152
101,13,1,87,76,140
101,14,0,181,182,179
101,15,0,151,140,170
101,16,0,136,130,164
101,17,0,180,178,181
101,18,1,84,73,133
101,19,0,148,148,162
106,1,0,200,191,189
106,2,0,192,188,181
106,3,1,77,85,145
106,4,1,35,174,159
106,5,0,182,166,168
106,6,0,147,143,185
106,7,0,125,120,179
106,8,0,154,166,166
106,9,1,98,100,145
106,10,1,65,80,143
106,11,0,127,124,156
106,12,1,92,88,152
106,13,1,74,63,145
106,14,0,176,177,172
106,15,0,160,149,173
106,16,0,166,157,174
106,17,0,181,177,182
106,18,1,89,76,139
106,19,0,153,153,164
111,1,0,201,195,193
111,2,0,191,188,181
111,3,1,72,86,139
111,4,1,36,174,158
111,5,0,178,162,164
111,6,0,157,155,177
111,7,0,133,127,176
111,8,0,166,168,173
111,9,1,97,100,147
111,10,1,58,61,136
111,11,1,113,111,152
111,12,1,92,84,154
111,13,1,71,62,147
111,14,0,176,171,170
111,15,0,172,162,170
111,16,0,175,172,178
111,17,0,177,176,181
111,18,1,87,72,136
111,19,0,149,147,158
116,1,0,207,200,199
116,2,0,192,188,182
116,3,1,70,87,135
116,4,1,37,174,159
116,5,0,177,161,164
116,6,0,157,160,168
116,7,0,127,120,179
116,8,0,163,170,172
116,9,1,107,115,149
116,10,1,57,64,131
116,11,1,120,118,158
116,12,1,91,80,153
116,13,1,66,60,138
116,14,0,186,183,179
116,15,0,192,183,181
116,16,0,166,160,175
116,17,0,165,161,175
116,18,1,87,75,137
116,19,0,147,145,159
121,1,0,204,204,201
121,2,0,191,188,181
121,3,1,69,87,134
121,4,1,34,175,159
121,5,0,172,155,159
121,6,0,165,161,174
121,7,1,114,106,171
121,8,0,162,167,176
121,9,1,78,75,144
121,10,1,71,66,136
121,11,0,125,122,160
121,12,1,92,83,154
121,13,1,73,70,139
121,14,0,176,176,171
121,15,0,190,182,179
121,16,0,168,163,172
121,17,0,174,167,173
121,18,1,86,74,131
121,19,0,148,147,153
126,1,0,187,190,185
126,2,0,191,187,180
126,3,1,74,86,139
126,4,1,33,177,161
126,5,0,171,153,155
126,6,0,175,165,187
126,7,1,110,107,166
126,8,1,102,108,146
126,9,1,98,102,151
126,10,1,57,84,130
126,11,0,141,138,167
126,12,1,90,82,153
126,13,1,77,70,146
126,14,0,171,172,168
126,15,0,189,180,179
126,16,0,175,168,173
126,17,0,180,174,176
126,18,1,84,71,134
126,19,0,137,137,144
131,1,0,156,166,156
131,2,0,191,187,180
131,3,1,78,89,142
131,4,1,33,177,162
131,5,0,160,142,144
131,6,0,192,183,197
131,7,1,106,99,163
131,8,0,144,152,165
131,9,1,104,105,151
131,10,1,56,80,132
131,11,0,150,149,164
131,12,1,91,82,151
131,13,1,78,69,145
131,14,0,176,175,174
131,15,0,166,161,175
131,16,0,185,175,173
131,17,0,187,180,175
131,18,1,72,61,136
131,19,0,134,135,144
136,1,0,136,151,140
136,2,0,192,187,181
136,3,1,80,86,147
136,4,1,33,178,163
136,5,0,152,136,138
136,6,0,181,174,185
136,7,1,111,103,164
136,8,0,167,168,176
136,9,1,117,116,154
136,10,1,59,87,133
136,11,0,157,153,159
136,12,1,91,81,150
136,13,1,85,70,143
136,14,0,188,181,185
136,15,0,134,136,167
136,16,0,169,163,168
136,17,0,169,162,166
136,18,1,74,62,147
136,19,1,119,114,137
141,1,0,120,139,124
141,2,0,190,187,180
141,3,1,84,89,152
141,4,1,31,181,166
141,5,0,148,136,136
141,6,0,169,166,174
141,7,1,83,79,149
141,8,0,164,166,172
141,9,1,101,104,148
141,10,1,61,89,132
141,11,0,161,156,159
141,12,1,105,95,157
141,13,1,100,85,142
141,14,0,193,186,187
141,15,0,145,143,171
141,16,0,128,126,155
141,17,0,140,134,155
141,18,1,79,73,148
141,19,1,107,103,129
146,1,1,112,134,118
146,2,0,191,188,181
146,3,1,90,93,159
146,4,1,32,182,167
146,5,0,147,134,134
146,6,0,189,180,186
146,7,1,92,84,151
146,8,0,161,161,168
146,9,1,113,115,152
146,10,1,67,100,133
146,11,0,147,138,170
146,12,1,123,111,160
146,13,1,122,109,152
146,14,0,195,191,193
146,15,0,169,162,181
146,17,0,145,137,160
146,18,1,84,78,142
146,19,1,100,96,138
151,1,1,103,128,111
151,2,0,187,185,178
151,3,1,91,93,160
151,4,1,31,184,168
151,5,0,150,135,137
151,6,0,179,172,180
151,7,1,100,93,150
151,8,0,143,153,155
151,9,1,117,116,151
151,10,1,65,106,129
151,11,0,125,118,163
151,12,1,101,95,154
151,13,1,93,84,142
151,14,0,189,186,188
151,15,0,159,153,168
151,17,0,167,157,171
151,18,1,85,76,141
151,19,1,101,97,146
156,1,1,100,127,109
156,2,0,188,184,177
156,3,1,88,93,154
156,4,1,29,181,166
156,5,0,168,149,151
156,6,0,182,174,183
156,7,1,100,96,145
156,8,0,131,151,148
156,9,1,103,107,148
156,10,1,69,101,138
156,11,0,129,125,156
156,12,1,84,77,151
156,13,1,66,62,141
156,14,0,183,181,181
156,15,0,179,174,188
156,17,0,164,153,168
156,18,1,95,84,143
156,19,0,127,125,153
156,20,0,154,149,176
161,1,1,114,137,121
161,2,0,190,186,179
161,3,1,89,98,152
161,4,1,28,165,148
161,5,0,148,132,135
161,6,0,169,162,172
161,7,1,109,104,146
161,8,0,149,155,157
161,9,1,75,98,135
161,10,1,78,90,148
161,11,0,154,147,151
161,12,1,90,85,150
161,13,1,71,65,141
161,14,0,150,161,153
161,15,0,195,184,196
161,17,0,166,157,165
161,18,1,102,91,134
161,19,0,136,137,150
161,20,1,91,99,134
166,1,0,118,138,123
166,2,0,196,192,187
166,3,1,91,99,156
166,4,1,35,156,140
166,5,0,151,141,141
166,6,0,186,175,184
166,7,1,112,107,146
166,8,0,148,161,158
166,9,1,69,91,130
166,10,1,82,92,152
166,11,1,105,105,150
166,12,1,86,86,144
166,13,1,76,73,139
166,14,0,179,183,178
166,15,0,208,199,206
166,17,0,187,177,173
166,18,1,115,108,124
166,19,0,151,144,170
166,20,1,106,118,140
171,1,0,121,139,124
171,2,0,189,190,184
171,3,1,89,101,156
171,4,1,36,155,138
171,5,0,149,137,137
171,6,0,185,174,188
171,7,0,129,120,158
171,8,0,144,163,158
171,9,1,73,94,133
171,10,1,82,96,152
171,11,1,91,93,140
171,12,1,87,85,143
171,13,1,61,63,128
171,14,0,167,168,169
171,15,0,195,186,189
171,17,0,169,163,173
171,18,0,157,153,157
171,19,1,99,92,139
171,20,0,196,185,190
176,1,1,73,147,121
176,2,0,179,185,178
176,3,1,84,99,150
176,4,1,36,156,139
176,5,1,121,115,112
176,6,0,184,173,186
176,7,1,116,106,150
176,8,0,146,157,158
176,9,1,86,95,140
176,10,1,86,100,150
176,11,1,108,108,147
176,12,1,99,96,142
176,13,1,71,77,133
176,14,0,176,182,175
176,15,0,163,156,184
176,17,0,180,172,171
176,18,1,100,99,149
176,19,1,107,107,116
176,20,0,175,172,172
181,2,0,173,183,175
181,3,1,79,101,147
181,4,1,33,160,142
181,5,0,144,135,134
181,6,0,179,171,187
181,7,1,114,107,148
181,8,0,158,161,169
181,9,1,73,100,130
181,10,1,82,93,147
181,11,1,113,118,139
181,12,1,101,100,143
181,13,1,79,82,148
181,14,0,182,178,176
181,15,0,141,135,175
181,17,0,176,171,166
181,18,1,79,79,139
181,20,0,197,194,192
186,2,0,181,185,179
186,3,1,91,109,158
186,4,1,28,160,145
186,5,0,169,156,157
186,6,0,174,168,177
186,7,1,115,106,145
186,8,0,164,164,173
186,9,1,73,96,131
186,10,1,86,102,147
186,11,1,80,76,131
186,12,1,98,95,132
186,13,1,78,84,146
186,14,0,177,175,176
186,15,1,105,101,153
186,17,0,154,153,153
186,18,1,69,67,135
186,20,0,189,183,189
186,21,0,144,141,164
191,2,0,165,179,170
191,3,1,89,106,158
191,4,1,37,154,138
191,5,0,151,141,141
191,6,0,174,166,178
191,7,1,89,84,134
191,8,0,163,162,166
191,9,1,65,96,128
191,10,1,85,110,145
191,11,0,144,135,175
191,12,1,93,91,136
191,13,1,85,83,135
191,14,0,156,166,154
191,15,1,83,79,146
191,17,0,151,152,150
191,18,1,83,82,141
191,20,0,187,186,186
191,21,0,164,160,163
196,2,1,81,150,127
196,3,1,96,104,167
196,4,1,27,173,158
196,5,0,167,154,156
196,6,0,179,172,181
196,7,1,123,114,152
196,8,0,160,160,169
196,9,1,91,101,149
196,10,1,92,104,161
196,11,0,124,116,173
196,12,0,129,130,152
196,13,1,100,94,123
196,14,0,162,167,163
196,15,1,85,82,147
196,17,0,157,157,157
196,18,1,84,77,145
196,20,0,160,163,164
196,21,0,170,167,172
201,3,1,97,101,168
201,4,1,32,173,156
201,6,0,164,159,170
201,7,1,108,100,145
201,8,0,168,168,170
201,9,1,97,107,151
201,10,1,96,110,163
201,11,1,106,110,150
201,12,1,99,97,126
201,13,0,136,132,159
201,14,0,177,170,170
201,15,1,80,75,149
201,17,0,169,171,168
201,18,1,75,73,131
201,20,0,176,185,181
201,21,0,151,147,152
206,3,1,94,103,162
206,4,1,68,145,118
206,6,0,179,169,183
206,7,1,100,94,145
206,8,0,171,168,176
206,9,1,107,109,161
206,10,1,99,120,161
206,11,1,113,113,149
206,12,1,81,78,133
206,13,1,96,89,147
206,14,0,160,155,155
206,15,1,86,83,152
206,17,0,163,169,162
206,18,1,77,73,131
206,20,0,189,187,186
206,21,0,138,141,146
211,3,1,92,96,161
211,6,0,180,171,180
211,7,1,102,96,141
211,8,0,168,169,181
211,9,1,115,117,170
211,10,1,100,112,166
211,11,1,92,97,133
211,12,1,78,81,124
211,13,1,89,83,145
211,14,0,174,179,170
211,15,1,114,104,161
211,17,0,173,177,172
211,18,1,74,71,127
211,20,0,171,176,178
211,21,0,140,144,147
216,3,1,93,96,165
216,6,0,169,163,176
216,7,1,113,103,143
216,8,0,178,178,189
216,9,1,111,119,171
216,10,1,97,110,164
216,11,1,73,83,133
216,12,1,72,73,131
216,13,1,57,55,118
216,14,0,158,168,157
216,15,1,97,98,152
216,17,0,168,177,172
216,18,1,72,68,121
216,20,0,170,176,177
216,21,0,133,139,148
221,3,1,90,92,162
221,6,0,165,159,176
221,7,1,115,105,142
221,8,0,148,160,176
221,9,1,109,121,168
221,10,1,93,99,168
221,11,1,64,70,132
221,12,1,116,110,157
221,13,1,67,58,127
221,14,0,155,156,155
221,15,1,91,86,148
221,17,0,140,157,147
221,18,1,72,67,125
221,20,0,160,165,167
221,21,0,127,129,139
226,3,1,88,88,161
226,6,0,152,154,171
226,7,1,125,114,150
226,8,1,112,115,172
226,9,1,90,104,152
226,10,1,93,104,166
226,11,1,62,68,129
226,12,1,82,81,145
226,13,1,52,49,126
226,14,0,151,152,153
226,15,1,91,90,150
226,17,0,160,166,167
226,18,1,65,61,120
226,20,0,162,168,165
226,21,0,125,128,146
231,3,1,93,98,160
231,6,0,188,179,182
231,7,1,106,99,138
231,8,0,145,152,164
231,9,1,98,100,161
231,10,1,88,102,157
231,11,1,63,83,129
231,12,1,100,98,155
231,13,1,52,48,123
231,14,0,154,152,151
231,15,1,89,84,144
231,17,0,147,160,157
231,18,1,65,62,126
231,20,0,163,170,168
231,21,1,99,109,121
236,3,1,86,99,154
236,6,0,194,185,189
236,7,1,104,95,143
236,8,0,169,178,173
236,9,1,80,108,143
236,10,1,63,91,134
236,11,1,53,62,119
236,12,1,125,114,152
236,13,1,56,54,123
236,14,0,132,137,132
236,15,1,83,85,118
236,17,0,136,152,155
236,18,1,63,55,117
236,20,0,161,173,165
236,21,1,93,109,122
241,3,1,83,95,149
241,6,0,190,180,186
241,7,1,67,58,129
241,8,0,160,165,163
241,9,1,75,102,139
241,10,1,58,75,125
241,11,1,60,67,121
241,12,1,104,97,134
241,13,1,67,65,121
241,14,0,140,146,144
241,15,1,71,78,115
241,17,0,167,172,173
241,18,1,82,68,122
241,20,0,147,168,160
241,21,1,101,118,127
246,3,1,79,97,141
246,6,0,181,174,178
246,7,1,61,51,126
246,8,0,154,164,154
246,9,1,77,102,140
246,10,1,54,70,131
246,11,1,57,72,128
246,12,1,81,80,125
246,13,1,80,75,136
246,14,0,175,173,170
246,15,1,58,67,119
246,17,0,148,161,160
246,18,1,74,68,122
246,20,0,143,161,156
246,21,1,113,128,138
251,3,1,77,103,138
251,6,0,172,171,171
251,7,1,64,65,128
251,8,0,171,175,170
251,9,1,75,119,136
251,10,1,55,72,130
251,11,1,51,63,124
251,12,1,93,92,136
251,13,1,80,72,144
251,14,0,157,161,157
251,15,1,55,70,129
251,17,0,135,151,146
251,18,1,78,72,127
251,20,0,128,155,150
251,21,1,116,133,135
256,3,1,72,91,137
256,6,0,155,162,162
256,7,1,76,75,141
256,8,0,160,176,167
256,9,1,75,100,140
256,10,1,58,78,130
256,11,1,61,74,134
256,12,1,73,75,108
256,13,1,64,66,135
256,14,0,168,168,166
256,15,1,59,70,137
256,17,0,153,166,162
256,18,1,104,93,149
256,20,0,133,165,153
256,21,0,131,142,151
261,3,1,69,92,133
261,6,0,162,166,166
261,7,1,70,71,147
261,8,0,163,172,163
261,9,1,60,68,138
261,10,1,56,80,130
261,11,1,60,59,142
261,12,1,77,78,113
261,13,1,60,62,136
261,14,0,152,166,157
261,15,1,66,78,138
261,17,0,144,160,155
261,18,1,95,84,144
261,20,0,151,170,162
261,21,1,111,134,141
266,3,1,78,110,141
266,6,0,161,170,166
266,7,1,64,60,140
266,8,0,174,177,173
266,9,1,67,102,133
266,10,1,59,82,131
266,11,1,73,82,142
266,12,1,101,102,138
266,13,1,70,73,140
266,14,0,154,162,155
266,15,1,55,65,126
266,17,0,135,154,154
266,18,1,72,72,127
266,20,0,134,155,154
266,21,0,127,144,149
271,3,1,62,91,127
271,6,0,166,173,170
271,7,1,65,67,142
271,8,0,138,146,152
271,9,1,61,98,130
271,10,1,57,81,128
271,11,1,55,73,125
271,12,1,86,95,132
271,13,1,66,71,135
271,14,0,164,167,164
271,15,1,60,79,135
271,17,0,144,163,160
271,18,1,70,76,125
271,20,0,151,173,164
271,21,0,154,159,160
271,22,1,17,158,148
276,3,1,66,93,128
276,6,0,174,179,176
276,7,1,71,74,146
276,8,0,166,167,162
276,9,1,61,99,132
276,10,1,59,70,130
276,11,1,60,72,131
276,12,1,79,91,132
276,13,1,58,68,134
276,14,0,173,174,170
276,15,1,66,73,141
276,17,0,149,167,158
276,18,1,75,83,133
276,20,0,142,159,154
276,21,0,152,159,161
276,22,1,24,159,148
281,3,1,49,77,119
281,6,0,171,181,175
281,7,1,62,63,143
281,8,0,147,164,157
281,9,1,65,99,134
281,10,1,63,80,136
281,11,1,62,79,134
281,12,1,79,93,127
281,13,1,67,79,139
281,14,0,165,169,164
281,15,1,51,66,128
281,17,0,137,161,157
281,18,1,88,94,141
281,20,0,165,178,173
281,21,0,142,158,153
281,22,1,21,161,148
281,23,0,183,168,171
286,3,1,52,74,120
286,6,0,159,174,169
286,7,1,67,80,141
286,8,0,135,158,149
286,9,1,64,105,132
286,10,1,69,100,137
286,11,1,62,83,134
286,12,1,77,96,130
286,13,1,63,89,135
286,14,0,154,167,163
286,15,1,64,94,136
286,17,0,141,166,160
286,18,1,72,93,129
286,20,0,177,184,179
286,21,0,157,164,162
286,22,1,28,169,155
286,23,0,135,124,126
286,24,0,177,180,177
291,3,1,48,59,115
291,6,0,160,172,168
291,7,1,69,87,140
291,8,0,132,156,148
291,9,1,63,94,134
291,10,1,60,78,135
291,11,1,102,116,151
291,12,1,74,96,130
291,13,1,63,83,136
291,14,0,138,150,159
291,15,1,75,106,144
291,17,0,146,170,161
291,18,1,72,88,138
291,20,0,151,171,160
291,21,0,124,153,150
291,22,1,35,173,159
291,23,0,140,128,132
291,24,0,170,174,167
296,3,1,55,74,122
296,6,0,175,180,178
296,7,1,68,70,147
296,8,0,128,158,147
296,9,1,62,99,133
296,10,1,50,54,130
296,11,0,145,158,157
296,12,1,56,67,138
296,13,1,60,80,132
296,14,0,161,171,167
296,15,1,49,57,124
296,17,0,150,169,167
296,18,1,64,87,135
296,20,0,151,175,163
296,21,0,114,144,150
296,22,1,28,165,151
296,23,0,176,167,168
296,24,0,172,166,164
301,3,1,65,94,133
301,6,0,181,180,186
301,7,1,58,61,141
301,8,0,136,157,149
301,9,1,63,107,129
301,10,1,56,61,136
301,11,1,66,84,140
301,12,1,70,76,147
301,13,1,73,85,141
301,14,0,151,162,164
301,15,1,53,59,131
301,17,0,141,167,159
301,18,1,64,95,130
301,20,0,180,189,183
301,21,0,116,150,153
301,22,1,36,164,151
301,23,0,176,167,166
301,24,0,169,170,164
306,3,1,62,91,128
306,6,0,183,179,182
306,7,1,65,69,143
306,8,0,136,154,149
306,9,1,61,104,131
306,10,1,52,55,132
306,11,1,88,101,148
306,12,1,70,84,140
306,13,1,78,118,136
306,14,0,132,169,154
306,15,1,62,60,138
306,17,0,161,174,168
306,18,1,94,112,144
306,20,0,178,185,179
306,21,0,118,152,153
306,22,1,40,167,150
306,23,0,173,166,167
306,24,0,171,167,163
311,3,1,62,90,130
311,6,0,152,158,161
311,7,1,65,73,145
311,8,0,138,148,157
311,9,1,67,104,133
311,10,1,51,54,130
311,11,1,97,122,150
311,12,1,56,72,136
311,13,1,77,121,128
311,14,0,127,163,148
311,15,1,61,62,130
311,17,0,153,168,166
311,18,1,83,110,137
311,20,0,162,177,166
311,21,0,123,154,160
311,22,1,40,162,145
311,23,0,169,160,161
311,24,0,170,168,164
316,3,1,78,99,147
316,6,0,164,176,172
316,7,1,62,63,139
316,8,1,93,125,126
316,9,1,68,118,129
316,10,1,51,59,125
316,11,1,80,120,138
316,12,1,58,76,133
316,13,1,70,120,120
316,14,0,100,157,136
316,15,1,47,49,128
316,17,0,130,161,150
316,18,1,98,127,146
316,20,0,157,176,166
316,21,0,143,151,155
316,22,1,37,173,155
316,23,0,160,156,156
316,24,0,142,161,151
321,3,1,79,101,144
321,6,0,194,190,189
321,7,1,56,60,137
321,8,0,155,162,161
321,9,1,68,107,134
321,10,1,47,45,123
321,11,1,66,92,132
321,12,1,56,81,132
321,13,1,90,111,139
321,14,0,116,163,147
321,15,1,53,59,138
321,17,0,146,167,164
321,18,1,72,100,138
321,20,0,163,184,175
321,21,0,133,150,147
321,22,1,43,176,158
321,23,0,169,170,165
321,24,0,148,158,152
326,3,1,80,100,142
326,6,0,185,184,184
326,7,1,61,67,140
326,8,0,156,167,166
326,9,1,65,99,135
326,10,1,54,62,132
326,11,1,66,100,134
326,12,1,61,87,135
326,13,1,82,104,139
326,14,0,143,166,156
326,15,1,56,66,138
326,17,0,152,171,167
326,18,1,65,79,138
326,20,0,177,192,182
326,21,0,110,149,141
326,22,1,45,173,157
326,23,0,178,171,172
326,24,0,166,168,163
331,3,1,83,99,149
331,6,0,181,190,184
331,7,1,62,68,146
331,8,0,145,165,159
331,9,1,66,105,131
331,10,1,47,47,128
331,11,1,67,103,135
331,12,1,68,83,130
331,13,1,81,115,141
331,14,0,134,165,151
331,15,1,51,59,130
331,17,0,146,169,163
331,18,1,67,94,139
331,20,0,159,183,172
331,21,1,111,139,140
331,22,1,36,177,160
331,23,0,141,152,146
331,24,0,172,172,168
336,3,1,68,98,135
336,6,0,183,191,185
336,7,1,65,60,146
336,8,0,142,164,155
336,9,1,66,105,132
336,10,1,54,55,134
336,11,1,72,96,132
336,12,1,61,79,143
336,13,1,71,104,129
336,14,0,139,169,156
336,15,1,50,58,130
336,17,0,155,172,169
336,18,1,66,88,139
336,20,0,150,176,164
336,21,1,99,146,136
336,22,1,42,184,165
336,23,0,163,167,162
336,24,0,161,168,160
341,3,1,75,115,135
341,6,0,172,183,176
341,7,1,60,67,138
341,8,0,124,149,142
341,9,1,67,111,127
341,10,1,56,66,128
341,11,1,73,116,132
341,12,1,59,96,127
341,13,1,76,126,127
341,14,0,134,167,153
341,15,1,53,57,133
341,17,0,166,176,170
341,18,1,75,91,138
341,20,0,163,178,170
341,21,1,101,146,141
341,22,1,46,177,159
341,23,0,154,161,157
341,24,0,154,165,157
346,3,1,68,125,122
346,6,0,168,184,178
346,7,1,59,66,138
346,8,0,150,164,160
346,9,1,70,108,132
346,10,1,50,51,129
346,11,1,77,120,135
346,12,1,62,97,131
346,13,1,75,113,130
346,14,0,103,158,138
346,15,1,45,52,127
346,17,0,144,168,163
346,18,1,77,94,142
346,20,0,131,162,154
346,21,1,91,111,138
346,22,1,39,172,155
346,23,0,154,164,158
346,24,0,136,158,147
351,6,0,158,182,171
351,7,1,63,69,143
351,8,0,141,160,154
351,9,1,70,125,125
351,10,1,57,70,130
351,11,1,61,88,128
351,12,1,60,83,135
351,13,1,72,117,127
351,14,0,146,166,157
351,15,1,58,73,134
351,17,0,137,167,159
351,18,1,66,105,133
351,20,0,132,163,153
351,21,0,124,149,150
351,22,1,44,184,166
351,23,1,111,139,128
356,6,0,189,189,186
356,7,1,66,73,146
356,8,0,152,166,160
356,9,1,67,109,127
356,10,1,50,52,133
356,11,1,63,96,127
356,12,1,62,94,137
356,13,1,76,121,129
356,14,0,144,165,155
356,15,1,63,73,141
356,17,0,162,174,171
356,18,1,71,93,141
356,20,0,168,171,169
356,21,0,125,151,164
356,22,1,46,173,156
356,23,0,164,170,165
361,6,0,183,184,181
361,7,1,60,70,136
361,8,0,149,166,160
361,9,1,60,116,118
361,10,1,46,49,123
361,11,1,67,113,129
361,12,1,64,109,128
361,13,1,69,107,126
361,14,0,133,167,154
361,15,1,51,61,127
361,17,0,142,168,162
361,18,1,69,115,131
361,20,0,157,160,163
361,21,0,124,152,162
361,22,0,82,178,169
361,23,0,153,165,159
366,6,0,168,181,175
366,7,1,60,71,145
366,8,0,148,167,160
366,9,1,58,94,123
366,10,1,48,52,127
366,11,1,57,80,130
366,12,1,61,84,138
366,13,1,71,116,128
366,14,0,131,160,150
366,15,1,64,76,141
366,17,0,140,165,156
366,18,1,70,103,138
366,20,0,146,162,153
366,21,0,132,155,164
366,22,1,33,193,177
366,23,0,160,171,164
371,6,0,172,175,173
371,7,1,66,72,147
371,8,0,156,167,161
371,9,1,61,100,127
371,10,1,49,54,130
371,11,1,58,81,129
371,12,1,60,84,137
371,13,1,69,111,127
371,15,1,63,83,138
371,17,0,137,165,159
371,18,1,66,98,137
371,20,0,139,153,160
371,21,0,145,160,162
371,22,1,36,178,161
371,23,0,169,172,169
376,6,0,177,180,177
376,7,1,60,68,141
376,8,0,147,160,156
376,9,1,57,103,119
376,10,1,51,55,130
376,11,1,66,102,131
376,12,1,65,99,138
376,13,1,68,111,123
376,15,1,54,66,130
376,17,0,147,170,165
376,18,1,69,97,136
376,20,0,131,161,150
376,21,0,132,151,148
376,22,1,44,167,148
376,23,0,165,172,167
381,6,0,170,177,174
381,7,1,58,61,137
381,8,0,137,165,155
381,9,1,54,103,115
381,10,1,43,46,124
381,11,1,62,97,128
381,12,1,67,96,143
381,13,1,66,104,122
381,15,1,45,51,127
381,17,0,126,163,151
381,18,1,65,110,130
381,20,0,130,159,147
381,21,0,124,147,145
381,23,0,125,155,142
386,6,0,169,175,173
386,7,1,64,73,145
386,8,0,127,158,148
386,9,1,55,96,118
386,10,1,52,61,128
386,11,1,56,76,125
386,12,1,79,95,151
386,13,1,66,115,121
386,15,1,48,54,131
386,17,0,120,160,150
386,18,1,73,114,134
386,20,0,119,154,140
386,21,0,129,154,151
386,23,1,95,142,124
391,6,0,174,179,176
391,7,1,64,76,145
391,8,0,151,168,161
391,9,1,58,101,121
391,10,1,48,53,132
391,11,1,63,85,135
391,12,1,71,95,143
391,13,1,67,102,126
391,15,1,50,64,124
391,17,0,143,165,159
391,18,1,67,89,134
391,20,0,124,162,148
391,21,0,125,153,149
396,6,0,163,176,172
396,7,1,60,62,143
396,8,0,166,172,170
396,9,1,58,106,118
396,10,1,44,50,122
396,11,1,66,96,133
396,12,1,73,92,148
396,13,1,74,89,130
396,15,1,47,54,124
396,17,0,134,164,153
396,18,1,82,104,142
396,20,0,140,166,154
396,21,0,129,154,152
401,6,0,172,178,174
401,7,1,60,64,143
401,8,0,148,164,158
401,9,1,65,137,111
401,10,1,44,48,122
401,11,1,59,79,128
401,12,1,71,83,144
401,13,1,69,85,133
401,15,1,40,53,114
401,17,0,101,153,136
401,18,1,61,89,128
401,20,0,119,163,146
401,21,0,138,162,161
406,6,0,175,181,178
406,7,1,63,79,140
406,8,0,163,170,165
406,10,1,49,54,132
406,11,1,64,93,133
406,12,1,61,79,138
406,13,1,66,95,125
406,15,1,49,67,124
406,17,0,130,159,151
406,18,1,59,85,131
406,20,0,122,164,148
406,21,0,128,155,152
411,6,0,165,183,177
411,7,1,62,75,139
411,8,0,153,163,158
411,10,1,55,68,131
411,11,1,69,120,128
411,12,1,54,72,134
411,13,1,67,83,129
411,15,1,55,75,130
411,17,0,126,161,149
411,18,1,59,81,131
411,20,0,146,171,160
411,21,0,127,152,148
416,6,0,172,186,179
416,7,1,53,59,131
416,8,0,114,148,138
416,10,1,42,46,123
416,12,1,55,64,136
416,13,1,57,71,123
416,15,1,46,57,119
416,17,0,121,157,143
416,18,1,57,69,133
416,20,0,132,168,154
416,21,0,131,157,152
421,6,0,179,190,184
421,7,1,56,71,134
421,8,0,120,152,143
421,10,1,52,60,130
421,12,1,56,61,136
421,13,1,53,79,115
421,15,1,45,57,118
421,17,0,121,157,146
421,18,1,75,90,137
421,20,0,148,174,165
421,21,0,139,161,167
426,6,0,191,197,193
426,7,1,61,73,137
426,8,0,127,150,144
426,10,1,49,65,126
426,12,1,50,55,133
426,13,1,57,67,122
426,15,1,48,56,121
426,17,1,81,144,122
426,18,1,64,85,133
426,20,0,161,175,169
426,21,0,138,162,158
431,6,0,187,196,191
431,7,1,58,72,134
431,8,0,131,157,148
431,10,1,48,63,121
431,12,1,49,53,134
431,13,1,50,82,106
431,15,1,40,47,115
431,18,1,59,87,130
431,20,0,150,172,165
431,21,0,136,161,156
436,6,0,196,200,195
436,7,1,73,93,137
436,8,0,133,156,149
436,10,1,40,45,120
436,12,1,49,52,132
436,13,1,50,82,104
436,15,1,48,57,123
436,18,1,64,93,131
436,20,0,109,157,142
436,21,0,134,158,162
441,6,0,196,200,192
441,7,1,61,86,134
441,8,0,126,157,147
441,10,1,45,51,124
441,12,1,49,52,130
441,13,1,52,76,109
441,15,1,50,65,120
441,18,1,60,86,132
441,21,0,135,150,159
446,6,0,197,199,194
446,7,1,66,85,138
446,8,0,138,155,148
446,10,1,46,53,125
446,12,1,52,58,131
446,13,1,56,77,112
446,15,1,42,49,120
446,18,1,64,75,137
446,21,0,130,152,157
451,6,0,204,201,195
451,7,1,76,102,146
451,8,0,138,159,150
451,10,1,43,46,121
451,12,1,53,68,133
451,15,1,48,55,131
451,18,1,56,64,138
451,21,0,132,149,153
456,6,0,200,195,190
456,7,1,84,114,147
456,8,0,133,155,147
456,10,1,47,53,124
456,12,1,51,62,134
456,15,1,52,65,129
456,18,1,65,83,139
456,21,0,133,151,153
461,6,0,198,196,190
461,7,1,61,97,131
461,8,0,130,152,145
461,10,1,38,41,119
461,12,1,50,54,136
461,15,1,59,72,131
461,18,1,59,82,133
461,21,0,131,147,148
466,6,0,200,198,193
466,7,1,71,111,138
466,8,0,132,153,145
466,10,1,45,56,119
466,12,1,51,57,133
466,15,1,63,99,129
466,18,1,66,99,137
466,21,0,136,144,145
471,6,0,191,194,188
471,7,1,73,107,144
471,8,0,149,159,155
471,10,1,39,45,117
471,12,1,51,61,132
471,15,1,64,118,119
471,18,1,67,95,135
471,21,0,138,148,150
476,6,0,189,196,189
476,7,1,72,112,144
476,8,0,154,162,158
476,10,1,45,60,118
476,12,1,53,75,133
476,15,1,54,120,99
476,18,1,66,112,132
476,21,0,136,151,152
481,6,0,195,196,191
481,7,1,60,109,131
481,8,0,148,158,153
481,10,1,44,54,121
481,12,1,50,67,130
481,15,1,59,131,105
481,18,1,74,123,136
481,21,0,124,150,143
486,6,0,191,194,188
486,7,1,74,146,128
486,8,0,138,151,147
486,10,1,42,51,119
486,12,1,49,59,134
486,18,1,82,133,140
486,21,0,124,147,144
491,6,0,202,199,194
491,8,0,126,151,142
491,10,1,44,52,121
491,12,1,48,61,128
491,18,1,95,123,153
491,21,0,124,143,140
496,6,0,203,201,196
496,8,0,143,161,153
496,10,1,49,56,125
496,12,1,48,54,132
496,18,1,80,111,149
496,21,1,115,131,129
501,6,0,192,196,187
501,8,0,142,162,154
501,10,1,59,75,129
501,12,1,50,65,132
501,18,1,84,116,150
501,21,1,117,135,133
506,6,0,180,188,180
506,8,0,139,159,151
506,10,1,52,58,126
506,12,1,52,57,135
506,18,1,77,103,151
506,21,0,115,141,136
511,6,0,194,197,191
511,8,0,124,149,141
511,10,1,64,78,132
511,12,1,48,53,132
511,18,1,74,99,145
511,21,0,116,138,134
516,6,0,174,187,177
516,8,0,130,154,146
516,10,1,64,81,136
516,12,1,49,52,132
516,18,1,69,84,143
516,21,0,127,142,140
521,6,0,197,196,190
521,8,0,154,161,158
521,10,1,66,88,134
521,12,1,47,56,125
521,18,1,68,87,142
521,21,0,125,147,142
526,6,0,196,197,191
526,8,0,139,156,150
526,10,1,60,97,125
526,12,1,49,49,133
526,18,1,68,91,142
526,21,0,122,150,146
531,6,0,186,192,185
531,8,0,145,157,152
531,10,1,60,107,112
531,12,1,52,57,135
531,18,1,70,87,143
531,21,0,121,155,150
531,28,0,170,177,171
536,6,0,202,201,197
536,8,0,135,148,145
536,10,1,61,116,108
536,12,1,53,69,129
536,18,1,69,89,141
536,21,0,119,156,150
536,28,0,149,164,157
541,6,0,196,202,197
541,8,0,124,146,140
541,10,1,53,82,88
541,12,1,55,83,126
541,18,1,61,75,137
541,21,0,114,153,147
541,28,0,129,160,147
546,6,0,187,199,188
546,8,0,150,158,156
546,10,1,60,139,112
546,12,1,53,88,123
546,18,1,59,72,135
546,21,0,115,147,139
546,28,0,137,157,150
551,6,0,183,193,183
551,8,0,150,161,156
551,12,1,52,92,117
551,18,1,63,79,138
551,21,0,107,145,137
551,28,0,143,166,157
556,6,0,211,211,208
556,8,0,152,162,158
556,12,1,52,87,118
556,18,1,61,74,137
556,21,0,111,147,142
556,28,0,140,165,156
561,6,0,206,206,200
561,8,0,143,153,151
561,12,1,51,88,116
561,18,1,58,66,140
561,21,1,107,144,137
561,28,0,139,163,154
566,6,0,213,210,205
566,8,0,113,142,135
566,12,1,53,88,122
566,18,1,58,62,140
566,21,1,106,137,140
566,28,0,147,167,158
571,6,0,209,201,199
571,8,0,130,150,146
571,12,1,51,86,122
571,18,1,68,81,147
571,21,1,97,132,131
571,28,0,137,162,152
576,6,0,198,191,188
576,8,0,152,156,156
576,12,1,54,83,126
576,18,1,72,82,151
576,21,1,105,131,135
576,28,0,153,170,162
581,6,0,164,174,164
581,8,0,146,155,153
581,12,1,54,73,127
581,18,1,63,71,144
581,21,0,114,145,137
581,28,0,146,168,158
586,6,0,189,184,180
586,8,0,132,151,142
586,12,1,52,68,121
586,18,1,58,67,138
586,21,0,108,148,140
586,28,0,141,165,155
591,6,0,137,164,149
591,8,1,90,138,121
591,12,1,66,108,127
591,18,1,75,106,139
591,21,0,109,150,148
591,28,0,124,158,143
596,6,0,177,179,173
596,8,1,86,138,119
596,12,1,68,122,123
596,18,1,73,129,132
596,21,0,109,155,144
596,28,0,106,152,134
601,6,0,154,173,165
601,8,1,63,132,108
601,12,1,61,131,114
601,18,1,77,132,134
601,21,0,107,152,142
601,28,1,100,152,133
601,36,1,45,92,79
601,37,0,137,120,171
606,6,0,147,171,162
606,12,1,59,99,123
606,18,1,78,112,140
606,21,0,109,148,142
606,28,0,128,147,138
606,36,1,56,100,96
606,44,0,124,156,138
611,6,0,124,165,152
611,12,1,61,136,113
611,18,1,76,118,137
611,28,1,97,149,131
611,36,1,76,119,128
611,44,0,145,164,151
611,61,1,59,134,107
611,62,1,55,126,102
611,63,0,140,114,187
611,64,1,66,141,114
611,65,1,60,134,107
611,50,1,62,144,119
616,12,1,61,131,114
616,18,1,70,118,132
616,28,1,104,144,129
616,36,1,72,112,129
616,44,0,164,168,157
616,65,1,66,135,111
616,78,1,59,133,107
616,79,1,59,129,105
616,80,0,129,158,147
616,81,0,144,120,188
616,82,1,68,142,118
616,64,1,63,146,122
621,12,1,59,82,126
621,18,1,64,99,130
621,28,0,115,150,136
621,36,1,69,106,128
621,44,0,129,160,146
621,65,1,101,146,129
621,80,1,85,147,125
621,50,1,71,133,120
621,93,0,130,136,167
621,94,0,154,128,187
621,62,1,102,147,131
621,82,1,36,162,145
621,85,1,59,131,105
621,87,1,69,144,119
626,12,1,63,95,131
626,18,1,73,104,135
626,28,0,120,151,138
626,44,0,148,166,155
626,65,1,105,148,132
626,80,0,157,168,161
626,93,1,76,93,135
626,96,0,114,147,133
626,85,1,60,95,119
626,87,1,56,92,117
626,101,1,41,163,145
626,79,0,122,154,142
626,74,1,98,122,152
631,18,1,64,96,129
631,28,0,113,147,134
631,44,0,145,167,154
631,65,0,115,154,139
631,80,0,106,155,137
631,93,1,76,97,135
631,96,1,99,143,127
631,85,1,64,98,123
631,87,1,65,100,120
631,101,1,41,161,143
631,79,1,98,146,129
631,74,1,88,130,135
631,62,1,99,152,133
631,111,0,132,151,143
631,112,1,67,98,137
631,113,0,146,125,177
636,18,1,70,125,128
636,28,0,129,150,140
636,44,0,146,167,155
636,65,0,116,154,140
636,80,0,151,165,159
636,93,1,68,92,129
636,96,0,119,149,138
636,85,1,62,123,113
636,87,1,60,101,117
636,101,1,49,156,137
636,79,1,101,147,131
636,74,1,91,136,136
636,100,0,109,154,138
636,118,0,142,120,183
636,120,1,75,116,97
636,62,1,67,126,122
636,112,1,128,109,153
641,28,0,110,144,132
641,44,0,142,162,150
641,65,0,131,161,149
641,80,0,136,160,153
641,93,1,70,91,132
641,96,0,128,154,142
641,85,1,64,109,121
641,87,1,62,99,119
641,101,1,40,167,148
641,79,0,115,153,139
641,74,1,91,113,149
641,100,0,117,157,142
641,118,0,133,111,177
641,120,1,87,135,111
641,62,1,68,94,131
641,112,1,55,85,159
641,122,0,125,151,136
646,28,0,115,148,135
646,44,0,139,161,150
646,65,0,115,149,141
646,80,0,119,156,144
646,93,1,72,93,132
646,85,1,58,108,116
646,87,1,64,102,121
646,101,1,41,166,147
646,79,0,130,160,148
646,74,1,90,117,147
646,100,0,147,167,158
646,120,0,135,155,144
646,62,1,58,84,129
646,122,0,140,158,147
651,44,0,150,166,155
651,65,0,124,155,147
651,80,1,80,145,123
651,93,1,69,102,127
651,85,1,58,84,124
651,87,1,59,81,122
651,101,1,38,174,155
651,79,0,128,160,147
651,74,1,81,106,141
651,100,0,141,163,153
651,120,0,125,151,138
651,62,1,59,85,129
651,122,0,121,154,139
651,118,1,67,63,131
656,44,1,89,142,121
656,65,0,138,163,154
656,80,0,149,166,158
656,93,1,70,100,127
656,85,1,63,82,133
656,87,1,55,79,120
656,101,1,38,167,148
656,79,0,117,157,141
656,74,1,63,98,124
656,100,0,140,165,155
656,120,0,117,152,140
656,62,1,69,103,131
656,122,0,124,155,139
656,118,1,68,64,131
656,125,1,47,115,163
661,44,0,137,164,150
661,65,0,112,144,139
661,80,0,134,159,150
661,93,1,69,99,128
661,85,1,61,85,127
661,87,1,67,110,128
661,101,1,39,169,153
661,79,0,112,156,140
661,74,1,66,101,122
661,100,0,114,156,143
661,120,1,97,144,130
661,62,1,63,98,129
661,122,0,139,158,149
661,118,1,70,66,136
661,126,0,138,150,145
661,125,1,86,137,176
666,44,0,129,158,143
666,65,0,133,157,148
666,80,1,107,118,146
666,93,1,73,102,133
666,85,1,56,75,127
666,87,1,68,104,129
666,101,1,56,173,158
666,79,0,125,159,146
666,74,1,69,94,129
666,100,0,158,170,163
666,62,1,65,103,132
666,122,0,132,156,146
666,118,1,79,72,129
666,126,1,82,143,119
666,125,0,144,175,175
671,44,0,121,152,136
671,65,0,132,157,148
671,80,1,82,109,134
671,93,1,72,108,129
671,85,1,59,78,127
671,87,1,62,97,126
671,101,1,45,163,145
671,79,0,136,162,152
671,74,1,78,112,134
671,100,0,156,169,164
671,62,1,73,96,138
671,122,0,130,162,148
671,118,1,107,106,134
671,126,0,120,160,142
671,125,0,104,155,153
676,44,0,148,166,154
676,65,0,134,163,155
676,80,0,118,148,155
676,93,1,71,99,132
676,85,1,56,73,129
676,87,1,64,104,126
676,101,1,44,170,151
676,79,0,148,165,158
676,74,1,92,119,144
676,100,0,150,170,162
676,62,1,73,88,144
676,122,0,156,176,168
676,118,1,83,89,127
676,126,0,129,160,148
676,125,0,92,160,155
681,44,0,139,161,147
681,65,0,144,168,159
681,80,0,102,156,139
681,93,1,76,105,134
681,85,1,58,83,123
681,87,1,63,109,123
681,101,1,28,181,161
681,79,0,141,161,153
681,74,1,104,117,146
681,100,0,145,168,160
681,62,1,71,86,138
681,122,0,138,168,155
681,118,1,80,81,123
681,126,0,112,149,135
681,125,1,75,169,159
686,44,0,160,168,158
686,65,0,152,171,163
686,80,0,193,192,187
686,93,1,69,95,131
686,85,1,68,88,128
686,87,1,63,107,122
686,101,1,30,175,158
686,79,0,151,166,159
686,74,1,82,104,137
686,100,0,148,170,161
686,62,1,77,104,139
686,122,0,119,153,138
686,118,1,83,90,118
686,126,0,127,153,141
686,125,0,90,167,162
691,44,0,160,167,157
691,65,0,125,157,147
691,80,0,186,188,183
691,93,1,63,86,127
691,85,1,57,80,122
691,87,1,97,127,147
691,101,1,23,184,168
691,79,0,134,161,151
691,74,1,75,100,142
691,100,0,162,177,170
691,62,0,144,157,155
691,122,0,185,175,178
691,118,1,93,103,129
691,126,0,113,148,134
691,125,1,74,161,153
696,44,0,161,175,166
696,65,0,126,157,149
696,80,0,178,184,176
696,93,1,68,97,126
696,85,1,60,98,121
696,87,1,76,112,129
696,101,1,43,166,156
696,79,0,143,164,155
696,74,1,78,105,140
696,100,0,143,168,156
696,62,0,126,155,154
696,122,0,169,172,164
696,118,1,98,113,130
696,126,0,112,148,135
696,125,0,119,157,158
701,44,0,157,170,160
701,65,0,125,158,148
701,80,0,164,174,168
701,93,1,51,107,107
701,85,1,58,98,117
701,87,1,111,130,147
701,101,1,24,179,164
701,79,0,138,161,151
701,74,1,82,109,144
701,100,0,147,169,160
701,62,1,84,133,135
701,122,0,163,171,165
701,126,0,117,151,138
701,125,1,66,157,149
706,44,0,165,169,160
706,65,0,107,155,139
706,80,0,173,181,175
706,85,1,55,81,122
706,87,1,84,89,126
706,101,1,21,174,158
706,79,0,133,161,149
706,74,1,73,98,139
706,100,0,145,169,158
706,62,1,84,113,133
706,122,0,130,151,141
706,126,0,125,154,142
706,125,1,61,149,142
711,44,0,155,163,154
711,65,1,98,127,133
711,80,0,177,183,176
711,85,1,57,94,120
711,87,1,66,90,122
711,101,1,22,159,143
711,79,0,148,161,154
711,74,1,74,96,140
711,100,0,145,168,158
711,62,1,63,98,128
711,122,0,165,174,165
711,126,0,129,158,146
711,125,1,84,152,148
716,44,0,181,176,168
716,65,1,74,98,124
716,80,0,162,176,167
716,85,1,61,96,124
716,87,1,69,78,123
716,101,1,23,179,164
716,79,0,130,157,146
716,74,1,81,102,144
716,100,0,137,167,155
716,62,1,65,103,129
716,122,0,160,170,163
716,126,0,160,172,166
716,125,1,83,161,156
721,44,0,151,160,150
721,65,1,99,114,138
721,80,0,138,167,153
721,85,1,61,91,130
721,87,1,81,85,135
721,101,1,30,173,157
721,79,0,122,158,143
721,74,1,80,108,141
721,100,0,156,174,165
721,62,1,61,90,129
721,122,0,148,164,154
721,126,0,168,178,172
721,125,1,86,163,158
721,129,1,86,100,133
726,44,0,148,158,145
726,65,0,132,147,158
726,80,0,122,162,147
726,85,1,60,101,120
726,87,1,66,84,130
726,101,1,32,149,133
726,79,0,110,155,138
726,74,1,74,107,136
726,100,0,146,171,162
726,62,1,62,104,125
726,122,1,72,143,119
726,126,0,147,165,156
726,125,0,159,163,168
726,129,1,70,107,107
726,131,1,75,81,151
731,44,0,170,177,168
731,65,0,117,163,145
731,80,0,134,167,155
731,85,1,56,93,119
731,87,1,57,87,122
731,101,1,38,164,144
731,79,0,112,156,140
731,74,1,71,115,130
731,100,0,150,171,163
731,62,1,63,115,124
731,126,0,112,155,139
731,125,0,152,158,163
731,129,1,53,110,94
731,131,1,105,130,160
736,44,0,159,167,156
736,65,0,138,167,155
736,80,0,152,174,166
736,85,1,56,73,128
736,87,1,50,76,112
736,101,1,28,175,159
736,79,0,115,155,141
736,74,1,80,114,140
736,100,0,151,169,162
736,62,1,64,105,126
736,126,0,150,168,159
736,125,0,159,159,163
736,129,1,83,107,124
736,131,1,93,100,163
736,132,1,103,145,129
736,133,1,82,92,142
741,44,0,148,162,149
741,65,0,128,154,140
741,80,0,134,170,157
741,85,1,57,85,125
741,87,1,78,102,135
741,101,1,27,173,157
741,79,0,128,157,146
741,74,1,77,115,137
741,100,0,146,171,161
741,62,1,59,90,128
741,126,0,157,171,163
741,125,0,94,160,158
741,129,1,66,92,115
741,131,1,88,102,154
741,132,0,128,158,144
741,133,1,81,93,142
741,136,1,87,151,128
741,138,1,64,82,133
746,44,0,168,177,167
746,65,0,128,158,143
746,80,0,125,164,152
746,85,1,58,77,127
746,87,1,94,115,139
746,101,1,26,180,163
746,79,0,118,155,141
746,74,1,82,116,142
746,100,0,143,169,161
746,62,1,64,92,132
746,126,0,169,174,171
746,125,0,86,165,161
746,129,1,103,118,136
746,131,1,86,113,144
746,132,0,122,155,142
746,133,1,76,81,139
746,136,0,163,175,168
746,138,1,59,83,130
